timestamp,title,price,original_price,shipping,item_url,discount_amount,discount_percentage
2026-03-10 19:23:28,Apple iPhone 15 Pro 256GB Unlocked AT&T T-Mobile Verizon Excellent Condition,523.95,1099.0,Free shipping,https://www.ebay.com/itm/305315521632?_trkparms=5373%3A5000006400%7C5374%3ATech%7C5079%3A5000006400,575.05,52.32
2026-03-10 19:23:28,Samsung Galaxy S23 128GB S911U Unlocked - Excellent,239.99,799.99,Shipping info unavailable,https://www.ebay.com/itm/256372271129?_trkparms=5373%3A5000006400%7C5374%3ATech%7C5079%3A5000006400,560.0,70.0
2026-03-10 19:23:29,Samsung Galaxy S21 5G 128GB G991U Unlocked - Good,134.99,799.99,Shipping info unavailable,https://www.ebay.com/itm/254987231741?_trkparms=5373%3A5000006400%7C5374%3ATech%7C5079%3A5000006400,665.0,83.13
2026-03-10 19:23:29,Samsung Galaxy S23 Ultra S918U1 256GB Unlocked - Very Good Refurbished,402.99,999.99,Shipping info unavailable,https://www.ebay.com/itm/205816814214?_trkparms=5373%3A5000006400%7C5374%3ATech%7C5079%3A5000006400,597.0,59.7
2026-03-10 19:23:29,"Microsoft Xbox Wireless Controller For Xbox Series X / S, Xbox One & Windows PC",45.95,80.0,Shipping info unavailable,https://www.ebay.com/itm/275287871839?_trkparms=5373%3A5000006400%7C5374%3ATech%7C5079%3A5000006400,34.05,42.56
2026-03-10 19:23:29,Apple iPhone 14 Pro 256GB Unlocked - Excellent,414.99,1099.0,Shipping info unavailable,https://www.ebay.com/itm/257331960588?_trkparms=5373%3A5000006400%7C5374%3ATech%7C5079%3A5000006400,684.01,62.24
2026-03-10 19:23:29,Samsung Galaxy S22+ 128GB S906U Unlocked - Good,163.99,999.99,Shipping info unavailable,https://www.ebay.com/itm/255803826545?_trkparms=5373%3A5000006400%7C5374%3ATech%7C5079%3A5000006400,836.0,83.6
2026-03-10 19:23:29,Apple iPhone 15 256GB Factory Unlocked AT&T T-Mobile Verizon Very Good Condition,423.95,899.0,Shipping info unavailable,https://www.ebay.com/itm/296120880922?_trkparms=5373%3A5000006400%7C5374%3ATech%7C5079%3A5000006400,475.05,52.84
2026-03-10 19:23:29,Samsung Galaxy Watch4 Classic R880 42mm Black GPS + WiFi + Bluetooth - Very Good,40.99,199.99,Shipping info unavailable,https://www.ebay.com/itm/313891339572?_trkparms=5373%3A5000006400%7C5374%3ATech%7C5079%3A5000006400,159.0,79.5
2026-03-10 19:23:29,Google Pixel 8 Pro 256GB Unlocked - Excellent,365.99,859.0,Shipping info unavailable,https://www.ebay.com/itm/257161120994?_trkparms=5373%3A5000006400%7C5374%3ATech%7C5079%3A5000006400,493.01,57.39
2026-03-10 19:23:30,Apple iPhone 14 Pro 256GB Unlocked - Very Good,385.99,1099.0,Shipping info unavailable,https://www.ebay.com/itm/257331960624?_trkparms=5373%3A5000006400%7C5374%3ATech%7C5079%3A5000006400,713.01,64.88
2026-03-10 19:23:30,Apple Pencil (USB-C) - White Stylus  ‎‎‎MUWA3AM/A with Pixel-Perfect Precision,51.82,56.95,Shipping info unavailable,https://www.ebay.com/itm/296262723993?_trkparms=5373%3A5000006400%7C5374%3ATech%7C5079%3A5000006400,5.130000000000003,9.01
2026-03-10 19:23:30,"Google Pixel 9 Pro 256GB 6.3"" 5G Fully Unlocked, Excellent - Has LCD Shadow",394.99,999.0,Shipping info unavailable,https://www.ebay.com/itm/406685045390?_trkparms=5373%3A5000006400%7C5374%3ATech%7C5079%3A5000006400,604.01,60.46
2026-03-10 19:23:30,Apple iPhone 16 Plus 128GB Unlocked Good Condition,509.0,714.0,Shipping info unavailable,https://www.ebay.com/itm/227011332517?_trkparms=5373%3A5000006400%7C5374%3ATech%7C5079%3A5000006400,205.0,28.71
2026-03-10 19:23:30,Apple iPhone 16 256GB Factory Unlocked AT&T T-Mobile Verizon Very Good Condition,586.95,899.0,Shipping info unavailable,https://www.ebay.com/itm/296819057702?_trkparms=5373%3A5000006400%7C5374%3ATech%7C5079%3A5000006400,312.04999999999995,34.71
2026-03-10 19:23:30,"Bose Solo Soundbar 2 Home Theater, Certified Refurbished",93.0,199.0,Shipping info unavailable,https://www.ebay.com/itm/167031735841?_trkparms=5373%3A5000006400%7C5374%3ATech%7C5079%3A5000006400,106.0,53.27
2026-03-10 19:23:30,Apple iPhone 16 Pro 256GB Unlocked Excellent Condition,689.0,948.0,Shipping info unavailable,https://www.ebay.com/itm/226983072197?_trkparms=5373%3A5000006400%7C5374%3ATech%7C5079%3A5000006400,259.0,27.32
2026-03-10 19:23:30,Samsung Galaxy S23+ 256GB S916U Unlocked - Good,269.99,999.99,Shipping info unavailable,https://www.ebay.com/itm/256372558330?_trkparms=5373%3A5000006400%7C5374%3ATech%7C5079%3A5000006400,730.0,73.0
2026-03-10 19:23:30,Apple iPhone 16 Pro 512GB Unlocked Good Condition,669.0,969.0,Shipping info unavailable,https://www.ebay.com/itm/227030019541?_trkparms=5373%3A5000006400%7C5374%3ATech%7C5079%3A5000006400,300.0,30.96
2026-03-10 19:23:31,Apple Watch Series SE (2nd Gen) 40mm GPS + WiFi + Cellular Unlocked - Good,99.99,299.99,Shipping info unavailable,https://www.ebay.com/itm/314605138200?_trkparms=5373%3A5000006400%7C5374%3ATech%7C5079%3A5000006400,200.0,66.67
2026-03-10 19:23:31,Apple iPhone 12 Pro Max  128GB Fully Unlocked - EXCELLENT Condition,326.99,499.99,Shipping info unavailable,https://www.ebay.com/itm/225966696293?_trkparms=5373%3A5000006400%7C5374%3ATech%7C5079%3A5000006400,173.0,34.6
2026-03-10 19:23:31,eufy SoloCam S340 Outdoor Solar Security Camera 3K Dual-Camera Pan&Tilt 8xZoom,105.0,199.99,Shipping info unavailable,https://www.ebay.com/itm/387549414157?_trkparms=5373%3A5000006400%7C5374%3ATech%7C5079%3A5000006400,94.99000000000001,47.5
2026-03-10 19:23:31,Apple iPhone 12 128GB - Fully Unlocked - VERY GOOD Condition,216.99,499.99,Shipping info unavailable,https://www.ebay.com/itm/225936656368?_trkparms=5373%3A5000006400%7C5374%3ATech%7C5079%3A5000006400,283.0,56.6
2026-03-10 19:23:31,Retevis H777 walkie talkie long range Rechargeable 2W FRS Two Way Radios 10 Pack,109.99,149.99,Free shipping,https://www.ebay.com/itm/193602869616?_trkparms=5373%3A5000006400%7C5374%3ATech%7C5079%3A5000006400,40.000000000000014,26.67
2026-03-10 19:23:31,Apple iPad Pro 11-inch M4 Chip 256GB Wi-Fi / Cellular Silver MVV93LL/A Good,697.0,965.0,Shipping info unavailable,https://www.ebay.com/itm/227037915412?_trkparms=5373%3A5000006400%7C5374%3ATech%7C5079%3A5000006400,268.0,27.77
2026-03-10 19:23:31,Apple Watch Series 8 41mm GPS + WiFi + Cellular Unlocked Aluminum Case - Good,147.99,299.99,Shipping info unavailable,https://www.ebay.com/itm/195779072047?_trkparms=5373%3A5000006400%7C5374%3ATech%7C5079%3A5000006400,152.0,50.67
2026-03-10 19:23:31,Apple Watch Series 7 41mm GPS + WiFi + Cellular Unlocked Aluminum Case - Good,110.99,299.99,Shipping info unavailable,https://www.ebay.com/itm/404057662041?_trkparms=5373%3A5000006400%7C5374%3ATech%7C5079%3A5000006400,189.0,63.0
2026-03-10 19:23:31,Google Pixel Watch 3 - 45mm (LTE + WI-Fi /Bluetooth) - Matte Black - Good,114.99,299.99,Shipping info unavailable,https://www.ebay.com/itm/405860002220?_trkparms=5373%3A5000006400%7C5374%3ATech%7C5079%3A5000006400,185.0,61.67
2026-03-10 19:23:32,"Google Pixel 9 Pro XL 5G (256GB, 16GB) 6.8"" Unlocked Black Excellent LCD Shadow",432.99,1199.0,Shipping info unavailable,https://www.ebay.com/itm/406712646965?_trkparms=5373%3A5000006400%7C5374%3ATech%7C5079%3A5000006400,766.01,63.89
2026-03-10 19:23:32,Reolink 16MP 36 Channel Network Video Recorder NVR for Security Camera System,229.99,229.99,Free shipping,https://www.ebay.com/itm/134318905821?_trkparms=5373%3A5000006400%7C5374%3ATech%7C5079%3A5000006400,0.0,0.0
2026-03-10 19:23:32,"Garmin dezl OTR720 Touchscreen 7"" Trucking GPS Navigator 010-02924-00",319.99,449.99,Shipping info unavailable,https://www.ebay.com/itm/187700000728?_trkparms=5373%3A5000006400%7C5374%3ATech%7C5079%3A5000006400,130.0,28.89
2026-03-10 19:23:32,Acer PM161Q 15.6in Portable Monitor FHD 1920x1080 250nit 60Hz 20ms Refurbished,41.84,99.99,Free shipping,https://www.ebay.com/itm/276789897235?_trkparms=5373%3A5000006400%7C5374%3ATech%7C5079%3A5000006400,58.14999999999999,58.16
2026-03-10 19:23:32,Samsung Galaxy S22+ 128GB S906U Unlocked - Very Good,182.99,999.99,Free shipping,https://www.ebay.com/itm/255788146958?_trkparms=5373%3A5000006400%7C5374%3ATech%7C5079%3A5000006400,817.0,81.7
2026-03-10 19:23:32,Samsung Galaxy Watch Ultra (2025) 47MM LTE Unlocked L705U Smartwatch - Excellent,354.99,354.99,Free shipping,https://www.ebay.com/itm/227111541415?_trkparms=5373%3A5000006400%7C5374%3ATech%7C5079%3A5000006400,0.0,0.0
2026-03-10 19:23:32,"Bose QuietComfort Ultra Noise Cancelling Headphones, Certified Refurbished",215.0,229.0,Free shipping,https://www.ebay.com/itm/166708867898?_trkparms=5373%3A5000006400%7C5374%3ATech%7C5079%3A5000006400,14.0,6.11
2026-03-10 19:23:32,Apple - HomePod mini,94.95,118.99,Free shipping,https://www.ebay.com/itm/326656443193?_trkparms=5373%3A5000006400%7C5374%3ATech%7C5079%3A5000006400,24.039999999999992,20.2
2026-03-10 19:23:33,"Apple 2022 iPad Pro, 12.9-inch, Wi-Fi + Cellular, 256GB, Silver - Excellent",592.99,1399.0,Free shipping,https://www.ebay.com/itm/406710862765?_trkparms=5373%3A5000006400%7C5374%3ATech%7C5079%3A5000006400,806.01,57.61
2026-03-10 19:23:33,"HP EliteBook 840 G7 14"" 512GB i5-10310U WIN11P, Silver",225.0,529.99,Free shipping,https://www.ebay.com/itm/366229051169?_trkparms=5373%3A5000006400%7C5374%3ATech%7C5079%3A5000006400,304.99,57.55
2026-03-10 19:23:33,eufy SoloCam S3 Solar Wireless Security Camera 360°PTZ 3K Dual-Cam Night Vision,89.99,199.99,Free shipping,https://www.ebay.com/itm/386708545260?_trkparms=5373%3A5000006400%7C5374%3ATech%7C5079%3A5000006400,110.00000000000001,55.0
2026-03-10 19:23:33,Apple Watch Ultra GPS & Cellular 49mm Titanium Trail Alpine Loop Ocean Excellent,297.99,799.0,Free shipping,https://www.ebay.com/itm/406318312547?_trkparms=5373%3A5000006400%7C5374%3ATech%7C5079%3A5000006400,501.01,62.7
2026-03-10 19:23:33,REDTIGER F7NP 128GB Dash Camera Front and Rear 4K Dash Cam With WiFi&GPS,129.99,189.99,Free shipping,https://www.ebay.com/itm/286761406185?_trkparms=5373%3A5000006400%7C5374%3ATech%7C5079%3A5000006400,60.0,31.58
2026-03-10 19:23:33,Apple iPhone 16 128GB Unlocked Smartphone A3081 Good Condition,499.0,701.0,Free shipping,https://www.ebay.com/itm/227050861810?_trkparms=5373%3A5000006400%7C5374%3ATech%7C5079%3A5000006423,202.0,28.82
2026-03-10 19:23:33,Samsung Galaxy S21 5G 128GB G991U Unlocked - Good,134.99,799.99,Free shipping,https://www.ebay.com/itm/254987231741?_trkparms=5373%3A5000006400%7C5374%3ATech%7C5079%3A5000006423,665.0,83.13
2026-03-10 19:23:33,Apple iPhone 15 Pro 512GB Unlocked AT&T T-Mobile Verizon Very Good Condition,528.95,1299.95,Free shipping,https://www.ebay.com/itm/296106949477?_trkparms=5373%3A5000006400%7C5374%3ATech%7C5079%3A5000006423,771.0,59.31
2026-03-10 19:23:34,UMIDIGI BISON Pro 4GB/8GB+128GB NFC Dual SIM 48MP Rugged Android Smartphone,120.39,120.39,Free shipping,https://www.ebay.com/itm/177660070141?_trkparms=5373%3A5000006400%7C5374%3ATech%7C5079%3A5000006423,0.0,0.0
2026-03-10 19:23:34,"HP OmniBook X 14-fk00 2-in-1 14"" Touch Laptop, Ryzen 7, 24GB, 1TB, Windows",599.99,999.99,Free shipping,https://www.ebay.com/itm/167860839015?_trkparms=5373%3A5000006400%7C5374%3ATech%7C5079%3A5000006407,400.0,40.0
2026-03-10 19:23:34,"Acer Swift Go 14"" Laptop Intel Core Ultra 7 155H 16GB RAM 1TB SSD Refurbished",371.99,799.99,Free shipping,https://www.ebay.com/itm/276709583737?_trkparms=5373%3A5000006400%7C5374%3ATech%7C5079%3A5000006407,428.0,53.5
2026-03-10 19:23:34,"2021 Apple M1 Pro MacBook Pro 16"" 32GB/512GB SSD - (Space Gray) A2485 w/Warranty",795.15,2699.0,Free shipping,https://www.ebay.com/itm/146647402645?_trkparms=5373%3A5000006400%7C5374%3ATech%7C5079%3A5000006407,1903.85,70.54
2026-03-10 19:23:34,"HP EliteBook 845 G8 14"" FHD IPS AMD Ryzen 5 PRO 5650U 32GB 256GB SSD W11P Laptop",369.0,799.99,Free shipping,https://www.ebay.com/itm/376992070163?_trkparms=5373%3A5000006400%7C5374%3ATech%7C5079%3A5000006407,430.99,53.87
2026-03-10 19:23:34,Samsung HW-B750F 5.1ch Bluetooth Soundbar with Wireless Subwoofer – 2025 Model,218.0,599.95,Free shipping,https://www.ebay.com/itm/157040074913?_trkparms=5373%3A5000006400%7C5374%3ATech%7C5079%3A5000006409,381.95000000000005,63.66
2026-03-10 19:23:34,"Bose Solo Soundbar 2 Home Theater, Certified Refurbished",93.0,199.0,Free shipping,https://www.ebay.com/itm/167031735841?_trkparms=5373%3A5000006400%7C5374%3ATech%7C5079%3A5000006409,106.0,53.27
2026-03-10 19:23:34,Samsung 656W 11.1.4-Ch 656W  Dolby Atmos Soundbar System HW-Q990D/ZA,829.98,1599.99,Free shipping,https://www.ebay.com/itm/395482986060?_trkparms=5373%3A5000006400%7C5374%3ATech%7C5079%3A5000006409,770.01,48.13
2026-03-10 19:23:35,SVBONY MK127 127mm Telescope Professional Maksutov-Cassegrain Planetary Visual,479.99,533.32,Free shipping,https://www.ebay.com/itm/197423012127?_trkparms=5373%3A5000006400%7C5374%3ATech%7C5079%3A5000006430,53.33000000000004,10.0
2026-03-10 19:23:35,SVBONY SV48P 102mm f/6.5 Telescope Astronomical Professional for Observation,229.99,333.32,Free shipping,https://www.ebay.com/itm/196534578698?_trkparms=5373%3A5000006400%7C5374%3ATech%7C5079%3A5000006430,103.32999999999998,31.0
2026-03-10 19:23:35,OM System Olympus OM-1 20MP Stacked Sensor Mirrorless Camera,875.0,875.0,Free shipping,https://www.ebay.com/itm/205975048161?_trkparms=5373%3A5000006400%7C5374%3ATech%7C5079%3A5000006430,0.0,0.0
2026-03-10 19:23:35,Nintendo Switch OLED 64GB Game Console + 1 Year🛡️ Warranty | 2-Day Shipping📦✈️,249.95,399.99,Free shipping,https://www.ebay.com/itm/357950678927?_trkparms=5373%3A5000006400%7C5374%3ATech%7C5079%3A5000006401,150.04000000000002,37.51
2026-03-10 19:23:35,Nex Playground Active Play System Motion Gaming Console AI Controller New OB,179.99,199.99,Free shipping,https://www.ebay.com/itm/389679669427?_trkparms=5373%3A5000006400%7C5374%3ATech%7C5079%3A5000006401,20.0,10.0
2026-03-10 19:23:35,"Gaming Charging Case 20W for Nintendo Switch 2, Sage Green",69.99,69.99,Free shipping,https://www.ebay.com/itm/127701925145?_trkparms=5373%3A5000006400%7C5374%3ATech%7C5079%3A5000006401,0.0,0.0
2026-03-10 19:23:35,"Gaming Charging Case 20W for Nintendo Switch 2, Sand",69.99,69.99,Free shipping,https://www.ebay.com/itm/127701925104?_trkparms=5373%3A5000006400%7C5374%3ATech%7C5079%3A5000006401,0.0,0.0
2026-03-10 19:23:35,TABWEE T90 Android Tablet With GPS 11 Inch Andriod 16 24GB+128GB 8000mAh T615,139.0,139.0,Free shipping,https://www.ebay.com/itm/366144621889?_trkparms=5373%3A5000006400%7C5374%3ATech%7C5079%3A5000006415,0.0,0.0
2026-03-10 19:23:36,"Apple iPad Air 5 M1 (2022) 10.9"" 64GB 256GB - WiFi or Cellular - Good",289.99,289.99,Free shipping,https://www.ebay.com/itm/157484606510?_trkparms=5373%3A5000006400%7C5374%3ATech%7C5079%3A5000006415,0.0,0.0
2026-03-10 19:23:36,Apple iPad Pro 12.9″ (5th Gen 2021) Wi-Fi M1 Excellent Condition 1 Year Warranty,499.95,499.95,Free shipping,https://www.ebay.com/itm/227211848353?_trkparms=5373%3A5000006400%7C5374%3ATech%7C5079%3A5000006415,0.0,0.0
2026-03-10 19:23:36,"Apple iPad Pro6 Tablet 12.9"" 6th Gen 2022 WiFi / 5G Models Pro 6 -M2 Very Good",599.95,599.95,Free shipping,https://www.ebay.com/itm/364759523674?_trkparms=5373%3A5000006400%7C5374%3ATech%7C5079%3A5000006415,0.0,0.0
2026-03-10 19:23:36,Apple AirPods Pro 2nd Generation Gen 2 2023 A2968 with Magsafe USB-C Charging,139.95,250.0,Free shipping,https://www.ebay.com/itm/285636515887?_trkparms=5373%3A5000006400%7C5374%3ATech%7C5079%3A5000006419,110.05000000000001,44.02
2026-03-10 19:23:36,Anker 737 Power Bank 24000mAh 3-Port Portable Charger 140W for iPhone 14/MacBook,74.99,159.99,Free shipping,https://www.ebay.com/itm/385840234596?_trkparms=5373%3A5000006400%7C5374%3ATech%7C5079%3A5000006419,85.00000000000001,53.13
2026-03-10 19:23:36,Samsung Galaxy Buds+ Plus SM-R175 Bluetooth True Wireless Earbuds 2020 Colors SR,54.95,54.95,Free shipping,https://www.ebay.com/itm/185460063087?_trkparms=5373%3A5000006400%7C5374%3ATech%7C5079%3A5000006419,0.0,0.0
2026-03-10 19:23:36,Apple AirPods Pro 3 Wireless Active Noise Cancelling Earbuds Magsafe MFHP4LL/A,186.95,186.95,Free shipping,https://www.ebay.com/itm/277504800257?_trkparms=5373%3A5000006400%7C5374%3ATech%7C5079%3A5000006419,0.0,0.0
2026-03-10 19:23:36,"2-Bay/4-Bay Hard Drive Enclosure for 3.5""/2.5'' SATA HDD/SSD 10Gbps USB-C 3.2",75.99,151.98,Free shipping,https://www.ebay.com/itm/236532412408?_trkparms=5373%3A5000006400%7C5374%3ATech%7C5079%3A5000006421,75.99,50.0
2026-03-10 19:23:36,WL OEM 20TB 7.2K RPM SATA 6Gb/s 3.5in Enterprise HDD,357.46,357.46,Free shipping,https://www.ebay.com/itm/297831103459?_trkparms=5373%3A5000006400%7C5374%3ATech%7C5079%3A5000006421,0.0,0.0
2026-03-10 19:23:36,"Samsung - Geek Squad Certified Refurbished T9 Portable SSD 4TB, Up to 2,000MB...",459.99,459.99,Free shipping,https://www.ebay.com/itm/205471528497?_trkparms=5373%3A5000006400%7C5374%3ATech%7C5079%3A5000006421,0.0,0.0
2026-03-10 19:23:37,SAMSUNG SSD 7.68TB 4TB 3.84TB 2TB 1.92TB 1TB 960GB 512GB 500GB 480GB 2.5 6Gbps,74.99,74.99,Free shipping,https://www.ebay.com/itm/326859827047?_trkparms=5373%3A5000006400%7C5374%3ATech%7C5079%3A5000006421,0.0,0.0
2026-03-10 19:23:37,JBL PartyBox 1000 Portable Bluetooth Party Speaker with Full Panel Light Effects,849.0,1349.95,Free shipping,https://www.ebay.com/itm/184651964031?_trkparms=5373%3A5000006400%7C5374%3ATech%7C5079%3A5000006403,500.95000000000005,37.11
2026-03-10 19:23:37,"Soundcore Anker Life Q20 Hybrid Active Noise Cancelling Headphones, Wireless",22.99,28.74,Free shipping,https://www.ebay.com/itm/389129473103?_trkparms=5373%3A5000006400%7C5374%3ATech%7C5079%3A5000006403,5.75,20.01
2026-03-10 19:23:37,Beats Fit Pro Ear Hooks Ear wings Replacement Black White Purple Gray Blue 1Pair,16.0,16.0,Free shipping,https://www.ebay.com/itm/376769728164?_trkparms=5373%3A5000006400%7C5374%3ATech%7C5079%3A5000006403,0.0,0.0
2026-03-10 19:23:37,Bundle: Canon SELPHY CP1500 Compact Photo Printer White with KP-108IN Paper Set,203.99,299.99,Free shipping,https://www.ebay.com/itm/196220534433?_trkparms=5373%3A5000006400%7C5374%3ATech%7C5079%3A5000006417,96.0,32.0
2026-03-10 19:23:37,Genuine HP 646A CF032AC Yellow High Yield Toner 12.5K HP LaserJet CM4540 MFP NEW,19.0,39.0,Free shipping,https://www.ebay.com/itm/305583237926?_trkparms=5373%3A5000006400%7C5374%3ATech%7C5079%3A5000006417,20.0,51.28
2026-03-10 19:23:37,Genuine HP 646A CF033AC Magenta High Yield Toner 12.5K LaserJet CM4540 MFP NEW,17.99,37.99,Free shipping,https://www.ebay.com/itm/305583258247?_trkparms=5373%3A5000006400%7C5374%3ATech%7C5079%3A5000006417,20.000000000000004,52.65
2026-03-10 19:23:37,Canon Selphy CP1500 Wireless Compact Photo Printer (Black),179.0,199.0,Free shipping,https://www.ebay.com/itm/376377515182?_trkparms=5373%3A5000006400%7C5374%3ATech%7C5079%3A5000006417,20.0,10.05
2026-03-10 19:23:38,REDTIGER 4K Dash Cam Front and Rear with AI-Powered Driver Assistance G-Sensor,79.99,139.99,Free shipping,https://www.ebay.com/itm/285933024479?_trkparms=5373%3A5000006400%7C5374%3ATech%7C5079%3A5000006432,60.000000000000014,42.86
2026-03-10 19:23:38,MUCAR 892BT Full Systems Car Bidirectional Diagnostic Scan Tool Life Free Update,489.0,569.0,Free shipping,https://www.ebay.com/itm/397321692203?_trkparms=5373%3A5000006400%7C5374%3ATech%7C5079%3A5000006432,80.0,14.06
2026-03-10 19:23:38,2026 Thinkscan Plus S7 Car OBD2 Scanner Auto Diagnostic Tool ABS SRS BCM IC AC,125.99,189.99,Free shipping,https://www.ebay.com/itm/394131576153?_trkparms=5373%3A5000006400%7C5374%3ATech%7C5079%3A5000006432,64.00000000000001,33.69
2026-03-10 19:23:38,"REDTIGER F17 4K 3 Channel Dash Cam, 5G WiFi Front and Rear Inside 64GB SD Card",159.99,219.99,Free shipping,https://www.ebay.com/itm/285472410074?_trkparms=5373%3A5000006400%7C5374%3ATech%7C5079%3A5000006432,60.0,27.27
2026-03-10 19:23:38,Olympus OM System 12-40mm f2.8 M.Zuiko ED PRO II Lens Micro 4/3 MFT,699.0,699.0,Free shipping,https://www.ebay.com/itm/205996230549?_trkparms=5373%3A5000006400%7C5374%3ATech%7C5079%3A5000006425,0.0,0.0
2026-03-10 19:23:38,JBL PartyBox 1000 Portable Bluetooth Party Speaker with Full Panel Light Effects,849.0,1349.95,Free shipping,https://www.ebay.com/itm/184651964031?_trkparms=5373%3A5000006400%7C5374%3ATech%7C5079%3A5000006413,500.95000000000005,37.11
2026-03-10 19:23:39,Samsung HW-B750F 5.1ch Bluetooth Soundbar with Wireless Subwoofer – 2025 Model,218.0,599.95,Free shipping,https://www.ebay.com/itm/157040074913?_trkparms=5373%3A5000006400%7C5374%3ATech%7C5079%3A5000006413,381.95000000000005,63.66
2026-03-10 19:23:39,"Bose Solo Soundbar 2 Home Theater, Certified Refurbished",93.0,199.0,Free shipping,https://www.ebay.com/itm/167031735841?_trkparms=5373%3A5000006400%7C5374%3ATech%7C5079%3A5000006413,106.0,53.27
2026-03-10 19:23:39,"Soundcore Anker Life Q20 Hybrid Active Noise Cancelling Headphones, Wireless",22.99,28.74,Free shipping,https://www.ebay.com/itm/389129473103?_trkparms=5373%3A5000006400%7C5374%3ATech%7C5079%3A5000006413,5.75,20.01
2026-03-10 19:23:39,Apple Pencil (USB-C) - White Stylus  ‎‎‎MUWA3AM/A with Pixel-Perfect Precision,51.82,56.95,Free shipping,https://www.ebay.com/itm/296262723993?_trkparms=5373%3A5000006400%7C5374%3ATech%7C5079%3A5000006427,5.130000000000003,9.01
2026-03-10 19:23:39,Belkin Thunderbolt 3 Dock Pro (Certified Refurbished) - Space Grey,72.0,179.99,Free shipping,https://www.ebay.com/itm/127463179236?_trkparms=5373%3A5000006400%7C5374%3ATech%7C5079%3A5000006427,107.99000000000001,60.0
2026-03-10 19:23:39,Belkin USB-C Multimedia Hub (Certified Refurbished) - Silver,40.0,99.99,Free shipping,https://www.ebay.com/itm/127463179126?_trkparms=5373%3A5000006400%7C5374%3ATech%7C5079%3A5000006427,59.989999999999995,60.0
2026-03-10 19:23:39,Belkin Thunderbolt 3 Dock Plus (Certified Refurbished) - Black,100.0,249.99,Free shipping,https://www.ebay.com/itm/127463179800?_trkparms=5373%3A5000006400%7C5374%3ATech%7C5079%3A5000006427,149.99,60.0
2026-03-10 19:23:39,Apple iPhone 16 128GB Unlocked Smartphone A3081 Good Condition,499.0,701.0,Free shipping,https://www.ebay.com/itm/227050861810?_trkparms=5373%3A5000006400%7C5374%3ATech%7C5079%3A5000006411,202.0,28.82
2026-03-10 19:23:39,Samsung Galaxy S21 5G 128GB G991U Unlocked - Good,134.99,799.99,Free shipping,https://www.ebay.com/itm/254987231741?_trkparms=5373%3A5000006400%7C5374%3ATech%7C5079%3A5000006411,665.0,83.13
2026-03-10 19:23:40,Apple iPhone 15 Pro 512GB Unlocked AT&T T-Mobile Verizon Very Good Condition,528.95,1299.95,Free shipping,https://www.ebay.com/itm/296106949477?_trkparms=5373%3A5000006400%7C5374%3ATech%7C5079%3A5000006411,771.0,59.31
2026-03-10 19:23:40,Apple AirPods Pro 2nd Generation Gen 2 2023 A2968 with Magsafe USB-C Charging,139.95,250.0,Free shipping,https://www.ebay.com/itm/285636515887?_trkparms=5373%3A5000006400%7C5374%3ATech%7C5079%3A5000006411,110.05000000000001,44.02
2026-03-10 19:23:40,"LG UltraWide 34"" WQHD HDR 10 120Hz 5ms Curved Monitor Black 34U62TB-B 2025 Model",189.99,399.99,Free shipping,https://www.ebay.com/itm/136761082570?_trkparms=5373%3A5000006400%7C5374%3ATech%7C5079%3A5000006405,210.0,52.5
2026-03-10 19:23:40,"HP 524pf 24"" Class Full HD LCD Monitor - 16:9 - Jet Black",135.69,199.0,Free shipping,https://www.ebay.com/itm/306372024621?_trkparms=5373%3A5000006400%7C5374%3ATech%7C5079%3A5000006405,63.31,31.81
2026-03-10 19:23:40,"Refurbished HUION Kamvas Pro 19 18.4"" UHD Drawing Tablet Touch Screen PenTech4.0",729.0,729.0,Free shipping,https://www.ebay.com/itm/335438627589?_trkparms=5373%3A5000006400%7C5374%3ATech%7C5079%3A5000006405,0.0,0.0
2026-03-10 19:23:40,"Refurbished HUION Kamvas 13 (Gen 3) 13.3"" Graphic Tablet Pen Display PenTech4.0",169.0,169.0,Free shipping,https://www.ebay.com/itm/335778622198?_trkparms=5373%3A5000006400%7C5374%3ATech%7C5079%3A5000006405,0.0,0.0
2026-03-11 02:35:36,Samsung Galaxy S23 Ultra 256GB S918U Unlocked - Very Good,385.99,1199.99,Shipping info unavailable,https://www.ebay.com/itm/256379350872?_trkparms=5373%3A5000006400%7C5374%3ATech%7C5079%3A5000006400,814.0,67.83
2026-03-11 02:35:37,Apple iPhone 15 Pro A2848 256GB Unlocked - Excellent Refurbished,499.99,999.99,Shipping info unavailable,https://www.ebay.com/itm/357948869031?_trkparms=5373%3A5000006400%7C5374%3ATech%7C5079%3A5000006400,500.0,50.0
2026-03-11 02:35:37,Samsung Galaxy S24+ 256GB S926U Unlocked - Excellent,431.99,999.99,Shipping info unavailable,https://www.ebay.com/itm/256602372474?_trkparms=5373%3A5000006400%7C5374%3ATech%7C5079%3A5000006400,568.0,56.8
2026-03-11 02:35:38,"Google Pixel Fold 5G 256GB 7.6"" T-Mobile Only, Obsidian Black - Excellent",288.99,1799.0,Shipping info unavailable,https://www.ebay.com/itm/406721939322?_trkparms=5373%3A5000006400%7C5374%3ATech%7C5079%3A5000006400,1510.01,83.94
2026-03-11 02:35:38,Apple iPhone 13 Pro 128GB Unlocked - Excellent,337.99,799.99,Shipping info unavailable,https://www.ebay.com/itm/256446109451?_trkparms=5373%3A5000006400%7C5374%3ATech%7C5079%3A5000006400,462.0,57.75
2026-03-11 02:35:38,Apple iPhone 13 Pro Max 128GB Unlocked - Very Good,370.99,1199.99,Shipping info unavailable,https://www.ebay.com/itm/256488375003?_trkparms=5373%3A5000006400%7C5374%3ATech%7C5079%3A5000006400,829.0,69.08
2026-03-11 02:35:38,Apple iPhone 13 Pro Max 128GB Unlocked - Good,356.99,1199.99,Shipping info unavailable,https://www.ebay.com/itm/256880902001?_trkparms=5373%3A5000006400%7C5374%3ATech%7C5079%3A5000006400,843.0,70.25
2026-03-11 02:35:40,Samsung Galaxy S24+ 256GB S926U Unlocked - Excellent,431.99,999.99,Free shipping,https://www.ebay.com/itm/256602372474?_trkparms=5373%3A5000006400%7C5374%3ATech%7C5079%3A5000006423,568.0,56.8
2026-03-11 15:56:11,"2021 Apple M1 Pro MacBook Pro 16"" 32GB/512GB SSD - (Space Gray) A2485 w/Warranty",795.15,2699.0,Free shipping,https://www.ebay.com/itm/146647402645?_trkparms=5373%3A5000006400%7C5374%3ATech%7C5079%3A5000006400,1903.85,70.54
2026-03-11 15:56:15,VIZIO 32” Class Full HD 1080p LED Smart TV VFD32M-0807,89.99,169.99,Free shipping,https://www.ebay.com/itm/235812307908?_trkparms=5373%3A5000006400%7C5374%3ATech%7C5079%3A5000006400,80.00000000000001,47.06
2026-03-11 15:56:15,Apple Watch Series 8 41mm Gps Only Aluminum - 32GB -Very Good,151.0,151.0,Free shipping,https://www.ebay.com/itm/134581825109?_trkparms=5373%3A5000006400%7C5374%3ATech%7C5079%3A5000006400,0.0,0.0
2026-03-11 15:56:15,Resident Evil Requiem PlayStation 5 - For PlayStation 5 - Rated M (Mature +17) -,77.99,77.99,Free shipping,https://www.ebay.com/itm/298082690431?_trkparms=5373%3A5000006400%7C5374%3ATech%7C5079%3A5000006400,0.0,0.0
2026-03-11 15:56:16,"HP EliteBook 840 G7 14"" 512GB i5-10310U WIN11P, Silver",225.0,529.99,Free shipping,https://www.ebay.com/itm/366229051169?_trkparms=5373%3A5000006400%7C5374%3ATech%7C5079%3A5000006407,304.99,57.55
2026-03-11 15:56:18,"Apple 2022 iPad Pro, 12.9-inch, Wi-Fi + Cellular, 256GB, Silver - Excellent",592.99,1399.0,Free shipping,https://www.ebay.com/itm/406710862765?_trkparms=5373%3A5000006400%7C5374%3ATech%7C5079%3A5000006415,806.01,57.61
2026-03-11 15:56:19,"Bose QuietComfort Ultra Noise Cancelling Headphones, Certified Refurbished",215.0,229.0,Free shipping,https://www.ebay.com/itm/166708867898?_trkparms=5373%3A5000006400%7C5374%3ATech%7C5079%3A5000006403,14.0,6.11
2026-03-11 15:56:20,REDTIGER F7NP 128GB Dash Camera Front and Rear 4K Dash Cam With WiFi&GPS,129.99,189.99,Free shipping,https://www.ebay.com/itm/286761406185?_trkparms=5373%3A5000006400%7C5374%3ATech%7C5079%3A5000006432,60.0,31.58
2026-03-11 15:56:21,"Bose QuietComfort Ultra Noise Cancelling Headphones, Certified Refurbished",215.0,229.0,Free shipping,https://www.ebay.com/itm/166708867898?_trkparms=5373%3A5000006400%7C5374%3ATech%7C5079%3A5000006413,14.0,6.11
2026-03-11 15:56:21,REDTIGER F7NP 128GB Dash Camera Front and Rear 4K Dash Cam With WiFi&GPS,129.99,189.99,Free shipping,https://www.ebay.com/itm/286761406185?_trkparms=5373%3A5000006400%7C5374%3ATech%7C5079%3A5000006413,60.0,31.58
2026-03-11 15:56:22,Belkin Connect USB-C 11-in-1 Multiport Dock (Certified Refurbished) - Silver,48.0,119.99,Free shipping,https://www.ebay.com/itm/127463178960?_trkparms=5373%3A5000006400%7C5374%3ATech%7C5079%3A5000006427,71.99,60.0
2026-03-11 15:56:22,AX3000 WiFi Mesh Extender Long Range Outdoor WiFi 6 Access Point Repeater PoE,199.99,499.98,Free shipping,https://www.ebay.com/itm/236292160001?_trkparms=5373%3A5000006400%7C5374%3ATech%7C5079%3A5000006405,299.99,60.0
2026-03-12 16:06:09,Long Range AX3000 WiFi 6 Mesh Range Extender Outdoor Dual Band WiFi Router,199.99,399.98,Free shipping,https://www.ebay.com/itm/236148615994?_trkparms=5373%3A5000006400%7C5374%3ATech%7C5079%3A5000006405,199.99,50.0
2026-03-12 19:03:28,"MSI G274QPF 27"" WQHD Flat Rapid IPS Gaming Monitor, 170Hz/1ms HDR400",119.99,219.99,Free shipping,https://www.ebay.com/itm/145613148025?_trkparms=5373%3A5000006400%7C5374%3ATech%7C5079%3A5000006400,100.00000000000001,45.46
2026-03-12 19:03:31,Google Pixel 8 Pro 256GB Unlocked AT&T T-Mobile Verizon Very Good Condition,336.95,1059.0,Shipping info unavailable,https://www.ebay.com/itm/297971999059?_trkparms=5373%3A5000006400%7C5374%3ATech%7C5079%3A5000006400,722.05,68.18
2026-03-12 19:03:31,Apple iPhone 13 Pro Max 128GB - Fully Unlocked - EXCELLENT Condition,413.99,699.99,Shipping info unavailable,https://www.ebay.com/itm/326361822196?_trkparms=5373%3A5000006400%7C5374%3ATech%7C5079%3A5000006400,286.0,40.86
2026-03-12 19:03:32,Samsung Galaxy S23 Ultra 256GB S918U Unlocked - Excellent,419.99,1199.99,Shipping info unavailable,https://www.ebay.com/itm/256379350806?_trkparms=5373%3A5000006400%7C5374%3ATech%7C5079%3A5000006400,780.0,65.0
2026-03-12 19:03:32,Samsung Q990F 11.1.4ch Q Series Soundbar Wireless Dolby Atmos,854.99,1999.99,Free shipping,https://www.ebay.com/itm/306378300516?_trkparms=5373%3A5000006400%7C5374%3ATech%7C5079%3A5000006400,1145.0,57.25
2026-03-12 19:03:32,"ASUS ROG Ally 7"" 120Hz FHD Touch AMD Ryzen Z1 16GB 512GB SSD W11H Gaming Console",399.0,649.99,Free shipping,https://www.ebay.com/itm/167912235793?_trkparms=5373%3A5000006400%7C5374%3ATech%7C5079%3A5000006400,250.99,38.61
2026-03-12 19:03:32,OM System Olympus OM-1 20MP Stacked Sensor Mirrorless Camera,875.0,875.0,Free shipping,https://www.ebay.com/itm/205975048161?_trkparms=5373%3A5000006400%7C5374%3ATech%7C5079%3A5000006400,0.0,0.0
2026-03-12 19:03:32,Samsung Galaxy S24 Fe  Fully Unlocked 6.7in 128GB - Excellent,279.0,279.0,Free shipping,https://www.ebay.com/itm/136216790978?_trkparms=5373%3A5000006400%7C5374%3ATech%7C5079%3A5000006400,0.0,0.0
2026-03-12 19:03:32,Apple Watch Series 10 GPS + Cellular 42mm Smartwatch Aluminium Case - Excellent,232.99,232.99,Free shipping,https://www.ebay.com/itm/156512158074?_trkparms=5373%3A5000006400%7C5374%3ATech%7C5079%3A5000006400,0.0,0.0
2026-03-12 19:03:32,JBL PartyBox Stage 320 Illuminated LED Wireless Bluetooth Speaker - Black,422.0,599.99,Free shipping,https://www.ebay.com/itm/157359929835?_trkparms=5373%3A5000006400%7C5374%3ATech%7C5079%3A5000006400,177.99,29.67
2026-03-12 19:03:32,Solar Battery Powered Security Camera WiFi6 Wireless Sys PTZ 3MP Outdoor 4PACK,109.99,119.99,Free shipping,https://www.ebay.com/itm/136526840013?_trkparms=5373%3A5000006400%7C5374%3ATech%7C5079%3A5000006400,10.0,8.33
2026-03-12 19:03:32,Acer AOPEN 32SA2Q Abi 31.5  FHD IPS 75Hz 1ms Widescreen Ultra Thin Monitor,129.99,149.99,Free shipping,https://www.ebay.com/itm/298045775352?_trkparms=5373%3A5000006400%7C5374%3ATech%7C5079%3A5000006400,20.0,13.33
2026-03-12 19:03:33,Samsung Galaxy S25 Ultra  256GB AI Smartphone Unlocked - Excellent,814.99,814.99,Free shipping,https://www.ebay.com/itm/157705508304?_trkparms=5373%3A5000006400%7C5374%3ATech%7C5079%3A5000006423,0.0,0.0
2026-03-12 19:03:34,"Acer Aspire AI 14"" Touch Laptop Intel Core Ultra 5 16GB RAM 1TB SSD Refurbished",371.99,579.99,Free shipping,https://www.ebay.com/itm/256960845305?_trkparms=5373%3A5000006400%7C5374%3ATech%7C5079%3A5000006407,208.0,35.86
2026-03-12 19:03:34,Olympus OM System 12-40mm f2.8 M.Zuiko ED PRO II Lens Micro 4/3 MFT,699.0,699.0,Free shipping,https://www.ebay.com/itm/205996230549?_trkparms=5373%3A5000006400%7C5374%3ATech%7C5079%3A5000006430,0.0,0.0
2026-03-12 19:03:34,Resident Evil Requiem PlayStation 5 - For PlayStation 5 - Rated M (Mature +17) -,77.99,77.99,Free shipping,https://www.ebay.com/itm/298082690431?_trkparms=5373%3A5000006400%7C5374%3ATech%7C5079%3A5000006401,0.0,0.0
2026-03-12 19:03:36,Skullcandy CRUSHER ANC 2 Wireless Headphones SENSORY BASS (Cert Refurb)-BLACKTAN,90.99,249.99,Free shipping,https://www.ebay.com/itm/375792866933?_trkparms=5373%3A5000006400%7C5374%3ATech%7C5079%3A5000006403,159.0,63.6
2026-03-12 19:03:36,HP LaserJet Managed E50145dn Monochrome Laser Printer,279.99,1943.96,Free shipping,https://www.ebay.com/itm/167926708534?_trkparms=5373%3A5000006400%7C5374%3ATech%7C5079%3A5000006417,1663.97,85.6
2026-03-12 19:03:38,Skullcandy CRUSHER ANC 2 Wireless Headphones SENSORY BASS (Cert Refurb)-BLACKTAN,90.99,249.99,Free shipping,https://www.ebay.com/itm/375792866933?_trkparms=5373%3A5000006400%7C5374%3ATech%7C5079%3A5000006413,159.0,63.6
2026-03-12 19:03:39,Samsung Galaxy S25 Ultra  256GB AI Smartphone Unlocked - Excellent,814.99,814.99,Free shipping,https://www.ebay.com/itm/157705508304?_trkparms=5373%3A5000006400%7C5374%3ATech%7C5079%3A5000006411,0.0,0.0
2026-03-12 21:40:55,Apple iPhone 15 128GB - Fully Unlocked- EXCELLENT Condition,399.99,699.99,Shipping info unavailable,https://www.ebay.com/itm/326603770634?_trkparms=5373%3A5000006400%7C5374%3ATech%7C5079%3A5000006400,300.0,42.86
2026-03-12 21:40:55,Samsung Galaxy S23 Ultra 512GB S918U Unlocked - Very Good,433.99,1379.99,Shipping info unavailable,https://www.ebay.com/itm/256613651818?_trkparms=5373%3A5000006400%7C5374%3ATech%7C5079%3A5000006400,946.0,68.55
2026-03-13 02:39:52,Samsung Galaxy S22 Ultra 512GB S908U Unlocked - Good,298.99,1299.0,Shipping info unavailable,https://www.ebay.com/itm/256497629590?_trkparms=5373%3A5000006400%7C5374%3ATech%7C5079%3A5000006400,1000.01,76.98
2026-03-13 02:39:54,Samsung Galaxy S22 Ultra 256GB S908U Unlocked - Very Good,307.99,1299.0,Shipping info unavailable,https://www.ebay.com/itm/256483219323?_trkparms=5373%3A5000006400%7C5374%3ATech%7C5079%3A5000006400,991.01,76.29
2026-03-13 02:39:54,Samsung Galaxy S22 Ultra 256GB S908U Unlocked - Good,288.99,1299.0,Shipping info unavailable,https://www.ebay.com/itm/256459409583?_trkparms=5373%3A5000006400%7C5374%3ATech%7C5079%3A5000006400,1010.01,77.75
2026-03-13 02:39:54,Apple Watch Series 7 45mm (GPS + Cellular) Aluminum Case - Good,113.99,529.0,Shipping info unavailable,https://www.ebay.com/itm/255549266146?_trkparms=5373%3A5000006400%7C5374%3ATech%7C5079%3A5000006400,415.01,78.45
2026-03-13 04:50:52,Samsung Galaxy S24+ Plus 256GB Unlocked ATT T-Mobile Verizon Excellent Condition,443.95,999.99,Free shipping,https://www.ebay.com/itm/306201671854?_trkparms=5373%3A5000006400%7C5374%3ATech%7C5079%3A5000006400,556.04,55.6
2026-03-13 18:53:44,Apple AirTag Bluetooth GPS Tracker Silver MX532AM/A A2187 For iPhone & iPad,18.49,21.75,Free shipping,https://www.ebay.com/itm/296373153889?_trkparms=5373%3A5000006400%7C5374%3ATech%7C5079%3A5000006400,3.2600000000000016,14.99
2026-03-13 18:53:48,Samsung Galaxy S24 Fe Sm-s721u Fully Unlocked 6.7in 128GB - Good,269.0,300.0,Free shipping,https://www.ebay.com/itm/137094632650?_trkparms=5373%3A5000006400%7C5374%3ATech%7C5079%3A5000006400,31.0,10.33
2026-03-13 18:53:48,Apple Watch Series 9 - GPS + GSM Cellular 45mm Smart Watch - Excellent,217.99,217.99,Free shipping,https://www.ebay.com/itm/155919790464?_trkparms=5373%3A5000006400%7C5374%3ATech%7C5079%3A5000006400,0.0,0.0
2026-03-13 18:53:50,Samsung Q990F 11.1.4ch Q Series Soundbar Wireless Dolby Atmos,854.99,1999.99,Free shipping,https://www.ebay.com/itm/306378300516?_trkparms=5373%3A5000006400%7C5374%3ATech%7C5079%3A5000006409,1145.0,57.25
2026-03-13 18:53:51,"Apple iPad Air 5 M1 (2022) 10.9"" 64GB 256GB - WiFi or Cellular - Excellent",309.99,309.99,Free shipping,https://www.ebay.com/itm/157484582682?_trkparms=5373%3A5000006400%7C5374%3ATech%7C5079%3A5000006415,0.0,0.0
2026-03-13 18:53:54,Solar Battery Powered Security Camera WiFi6 Wireless Sys PTZ 3MP Outdoor 4PACK,109.99,119.99,Free shipping,https://www.ebay.com/itm/136526840013?_trkparms=5373%3A5000006400%7C5374%3ATech%7C5079%3A5000006413,10.0,8.33
2026-03-13 18:53:55,Apple Watch Series 10 GPS + Cellular 42mm Smartwatch Aluminium Case - Excellent,232.99,232.99,Free shipping,https://www.ebay.com/itm/156512158074?_trkparms=5373%3A5000006400%7C5374%3ATech%7C5079%3A5000006411,0.0,0.0
2026-03-13 21:40:14,Samsung Galaxy S22 Ultra 128GB S908U Unlocked - Excellent,297.99,1299.0,Shipping info unavailable,https://www.ebay.com/itm/256363262192?_trkparms=5373%3A5000006400%7C5374%3ATech%7C5079%3A5000006400,1001.01,77.06
2026-03-13 21:40:15,Google Pixel 9 Pro 256GB Unlocked AT&T T-Mobile Verizon Excellent Condition,519.95,1099.0,Shipping info unavailable,https://www.ebay.com/itm/306727543962?_trkparms=5373%3A5000006400%7C5374%3ATech%7C5079%3A5000006400,579.05,52.69
2026-03-14 02:37:50,Samsung Galaxy S21 Plus S21+ 5G 128GB 256GB Unlocked Phone SM-G996U1 Good,132.99,999.99,Shipping info unavailable,https://www.ebay.com/itm/204179840469?_trkparms=5373%3A5000006400%7C5374%3ATech%7C5079%3A5000006400,867.0,86.7
2026-03-14 18:50:33,Google Pixel Buds A-Series  Wireless Earbuds - Headphones w/ Bluetooth White New,79.99,79.99,Free shipping,https://www.ebay.com/itm/188146044632?_trkparms=5373%3A5000006400%7C5374%3ATech%7C5079%3A5000006400,0.0,0.0
2026-03-14 21:33:08,Samsung Galaxy Z Fold6 256GB F956U Unlocked - Good,538.99,1899.99,Shipping info unavailable,https://www.ebay.com/itm/257265461522?_trkparms=5373%3A5000006400%7C5374%3ATech%7C5079%3A5000006400,1361.0,71.63
2026-03-14 21:33:08,"Lenovo IdeaPad Slim 5 16"" Touchscreen Laptop Ryzen AI 7 350 16GB 1TB 83HY001KUS",492.99,699.99,Free shipping,https://www.ebay.com/itm/236630939369?_trkparms=5373%3A5000006400%7C5374%3ATech%7C5079%3A5000006400,207.0,29.57
2026-03-14 21:33:08,"Seagate Exos X22 ST28000NM000C 28TB CMR SATA 6Gb/s 3.5"" Enterprise Hard Drive",599.99,599.99,Free shipping,https://www.ebay.com/itm/226536548299?_trkparms=5373%3A5000006400%7C5374%3ATech%7C5079%3A5000006400,0.0,0.0
2026-03-14 21:33:09,"ASUS ROG Ally 7"" Touch AMD Ryzen Z1 Extreme 16GB 512GB SSD W11H Gaming Console",459.0,829.99,Free shipping,https://www.ebay.com/itm/376870971472?_trkparms=5373%3A5000006400%7C5374%3ATech%7C5079%3A5000006400,370.99,44.7
2026-03-14 21:33:09,"Samsung Galaxy  Tab S10 Ultra SM-X920 14.6"" 256GB  WiFi - Very Good",688.99,1199.99,Free shipping,https://www.ebay.com/itm/167998820796?_trkparms=5373%3A5000006400%7C5374%3ATech%7C5079%3A5000006400,511.0,42.58
2026-03-14 21:33:12,"Gaming Charging Case Pro 30W, Green",99.99,99.99,Free shipping,https://www.ebay.com/itm/127701926681?_trkparms=5373%3A5000006400%7C5374%3ATech%7C5079%3A5000006401,0.0,0.0
2026-03-14 21:33:14,JBL PartyBox Stage 320 Illuminated LED Wireless Bluetooth Speaker - Black,422.0,549.95,Free shipping,https://www.ebay.com/itm/157359929835?_trkparms=5373%3A5000006400%7C5374%3ATech%7C5079%3A5000006403,127.95000000000005,23.27
2026-03-15 03:16:14,Apple 2024 MacBook Air with Apple M3 Chip 15-inch 8GB RAM 512GB SSD - Excellent,848.99,848.99,Free shipping,https://www.ebay.com/itm/188033193509?_trkparms=5373%3A5000006400%7C5374%3ATech%7C5079%3A5000006400,0.0,0.0
2026-03-15 03:16:14,Soundcore Motion X600 Portable Speaker Hi-Res Spatial Audio Waterproof50W|Refurb,105.99,199.99,Shipping info unavailable,https://www.ebay.com/itm/383968432334?_trkparms=5373%3A5000006400%7C5374%3ATech%7C5079%3A5000006400,94.00000000000001,47.0
2026-03-15 07:08:23,Apple iPhone 13 128GB Unlocked - Excellent,269.99,799.99,Shipping info unavailable,https://www.ebay.com/itm/256350256024?_trkparms=5373%3A5000006400%7C5374%3ATech%7C5079%3A5000006400,530.0,66.25
2026-03-15 13:08:00,"2-Bay/4-Bay Hard Drive Enclosure for 3.5""/2.5'' SATA HDD/SSD 10Gbps USB-C 3.2",75.99,151.98,Free shipping,https://www.ebay.com/itm/236532412408?_trkparms=5373%3A5000006400%7C5374%3ATech%7C5079%3A5000006400,75.99,50.0
2026-03-15 18:51:14,Google Pixel 8 Pro 256GB Factory Unlocked - Good,337.99,900.0,Free shipping,https://www.ebay.com/itm/326801128405?_trkparms=5373%3A5000006400%7C5374%3ATech%7C5079%3A5000006400,562.01,62.45
2026-03-15 18:51:17,Soundcore Liberty 4 NC Wireless Earbuds 98.5% Noise Reduction Adaptive ANC 2.0,44.99,99.99,Shipping info unavailable,https://www.ebay.com/itm/383768416887?_trkparms=5373%3A5000006400%7C5374%3ATech%7C5079%3A5000006400,54.99999999999999,55.01
2026-03-15 18:51:17,Apple iPhone 15 Pro 128GB Unlocked - Good,433.99,999.0,Shipping info unavailable,https://www.ebay.com/itm/257324836668?_trkparms=5373%3A5000006400%7C5374%3ATech%7C5079%3A5000006400,565.01,56.56
2026-03-15 18:51:18,Skullcandy CRUSHER ANC 2 Wireless Headphones SENSORY BASS (Cert Refurb)-BLACKTAN,90.99,249.99,Free shipping,https://www.ebay.com/itm/375792866933?_trkparms=5373%3A5000006400%7C5374%3ATech%7C5079%3A5000006400,159.0,63.6
2026-03-15 18:51:18,"Lenovo LOQ 15.6"" FHD 144Hz AMD Ryzen 7 250 NVIDIA RTX 5060 Laptop 16GB RAM 512GB",999.99,1149.99,Free shipping,https://www.ebay.com/itm/297778435393?_trkparms=5373%3A5000006400%7C5374%3ATech%7C5079%3A5000006400,150.0,13.04
2026-03-15 18:51:18,Google Pixel Buds Pro - Noise Canceling Earbuds Headphones - New,99.99,99.99,Free shipping,https://www.ebay.com/itm/168174134725?_trkparms=5373%3A5000006400%7C5374%3ATech%7C5079%3A5000006400,0.0,0.0
2026-03-15 18:51:18,Beats by Dr. Dre Beats Fit Pro Wireless In Ear Headphones - New,124.99,124.99,Free shipping,https://www.ebay.com/itm/188078289088?_trkparms=5373%3A5000006400%7C5374%3ATech%7C5079%3A5000006400,0.0,0.0
2026-03-15 18:51:18,Samsung Galaxy Buds 3 FE (R420) Wireless Bluetooth Headphones - Excellent,88.99,900.0,Free shipping,https://www.ebay.com/itm/227162921333?_trkparms=5373%3A5000006400%7C5374%3ATech%7C5079%3A5000006400,811.01,90.11
2026-03-15 18:51:18,"Apple iPad Pro 11"" M4 Chip 1TB Wi-Fi + Cell MWRP3LL/A Black Nano-Texture Good",879.0,1231.0,Free shipping,https://www.ebay.com/itm/227064124734?_trkparms=5373%3A5000006400%7C5374%3ATech%7C5079%3A5000006400,352.0,28.59
2026-03-15 21:35:23,JBL Endurance Peak 3 In Ear Wireless Dust and Water Proof Headphones - Black,56.45,100.0,Shipping info unavailable,https://www.ebay.com/itm/277088748339?_trkparms=5373%3A5000006400%7C5374%3ATech%7C5079%3A5000006400,43.55,43.55
2026-03-15 21:35:23,Soundcore P30i Wireless Earbuds Smart Noise Cancelling Headphones 2-in-1 Case,21.99,49.99,Shipping info unavailable,https://www.ebay.com/itm/384343398732?_trkparms=5373%3A5000006400%7C5374%3ATech%7C5079%3A5000006400,28.000000000000004,56.01
2026-03-16 03:18:43,Apple Watch Series 7 41mm (GPS + Cellular) Aluminum Case - Good,113.99,509.0,Shipping info unavailable,https://www.ebay.com/itm/256003646981?_trkparms=5373%3A5000006400%7C5374%3ATech%7C5079%3A5000006400,395.01,77.61
2026-03-16 07:41:32,eufy Security Floodlight Camera E30 2K HD Outdoor Cam 360° P&T AI Detect|Refurb,96.99,149.99,Shipping info unavailable,https://www.ebay.com/itm/388035444152?_trkparms=5373%3A5000006400%7C5374%3ATech%7C5079%3A5000006400,53.000000000000014,35.34
2026-03-16 07:41:34,Apple iPhone 12 256GB - Fully Unlocked  - VERY GOOD Condition,228.99,499.99,Shipping info unavailable,https://www.ebay.com/itm/226308512508?_trkparms=5373%3A5000006400%7C5374%3ATech%7C5079%3A5000006400,271.0,54.2
2026-03-16 07:41:34,Samsung Galaxy Watch Ultra 47mm L705U (GPS + Cellular) Marine Band - Very Good,229.99,649.99,Shipping info unavailable,https://www.ebay.com/itm/256912694766?_trkparms=5373%3A5000006400%7C5374%3ATech%7C5079%3A5000006400,420.0,64.62
2026-03-16 07:41:34,"Soundcore Motion X600 Portable Bluetooth Speaker Wireless Hi-Res Waterproof ,50W",105.99,199.99,Shipping info unavailable,https://www.ebay.com/itm/384513193312?_trkparms=5373%3A5000006400%7C5374%3ATech%7C5079%3A5000006400,94.00000000000001,47.0
2026-03-16 07:41:37,Samsung Galaxy Z Fold6 512GB F956U Unlocked - Excellent,647.99,647.99,Free shipping,https://www.ebay.com/itm/256905122037?_trkparms=5373%3A5000006400%7C5374%3ATech%7C5079%3A5000006423,0.0,0.0
2026-03-16 07:41:37,Acer Chromebook 514 14 NB FHD Intel i3-N305 8GB RAM 512GB SSD Refurbished,185.99,598.99,Free shipping,https://www.ebay.com/itm/277327844188?_trkparms=5373%3A5000006400%7C5374%3ATech%7C5079%3A5000006407,413.0,68.95
2026-03-16 07:41:40,"Lot of 10 Mixed Brand Mixed Speed 1TB 2.5"" SATA Hard Drive HDD Tested Wiped",259.99,259.99,Free shipping,https://www.ebay.com/itm/226433439194?_trkparms=5373%3A5000006400%7C5374%3ATech%7C5079%3A5000006421,0.0,0.0
2026-03-16 07:41:40,"Harman Kardon Citation 200 Watt Bluetooth Speaker, Black - Certified Refurbished",199.99,599.95,Free shipping,https://www.ebay.com/itm/136874754523?_trkparms=5373%3A5000006400%7C5374%3ATech%7C5079%3A5000006403,399.96000000000004,66.67
2026-03-16 07:41:41,"Garmin dezl OTR720 Touchscreen 7"" Trucking GPS Navigator 010-02924-00",319.99,449.99,Free shipping,https://www.ebay.com/itm/187700000728?_trkparms=5373%3A5000006400%7C5374%3ATech%7C5079%3A5000006432,130.0,28.89
2026-03-16 07:41:41,"Pioneer DMH-W3000NEX 6.8"" Touchscreen Apple CarPlay Android Auto Receiver",279.0,399.99,Free shipping,https://www.ebay.com/itm/156739552603?_trkparms=5373%3A5000006400%7C5374%3ATech%7C5079%3A5000006432,120.99000000000001,30.25
2026-03-16 07:41:41,"Pioneer DMH-WT6000NEX 10.1"" Touchscreen Receiver w/ Wireless CarPlay & Bluetooth",556.0,899.99,Free shipping,https://www.ebay.com/itm/186995662484?_trkparms=5373%3A5000006400%7C5374%3ATech%7C5079%3A5000006432,343.99,38.22
2026-03-16 07:41:41,Garmin Dash Cam Mini 2 Compact In-Vehicle Recording Device 010-02504-00,99.99,129.99,Free shipping,https://www.ebay.com/itm/204126134400?_trkparms=5373%3A5000006400%7C5374%3ATech%7C5079%3A5000006432,30.000000000000014,23.08
2026-03-16 07:41:43,PNY NVIDIA GeForce RTX™ 5070 12GB OC Triple Fan Graphics Card,580.0,580.0,Free shipping,https://www.ebay.com/itm/336425365422?_trkparms=5373%3A5000006400%7C5374%3ATech%7C5079%3A5000006405,0.0,0.0
2026-03-16 07:41:43,MSI GeForce RTX 4060 8GB GDDR6 VENTUS 2X BLACK OC VIDEO CARD,239.0,499.0,Free shipping,https://www.ebay.com/itm/226473009524?_trkparms=5373%3A5000006400%7C5374%3ATech%7C5079%3A5000006405,260.0,52.1
2026-03-16 07:41:43,"MSI G274QPF 27"" WQHD Flat Rapid IPS Gaming Monitor, 170Hz/1ms HDR400",119.99,219.99,Free shipping,https://www.ebay.com/itm/145613148025?_trkparms=5373%3A5000006400%7C5374%3ATech%7C5079%3A5000006405,100.00000000000001,45.46
2026-03-16 07:41:44,"Acer Nitro 27"" Gaming Monitor 4K UHD 1000Nit 160Hz 1ms XV275K Refurbished",232.49,879.99,Free shipping,https://www.ebay.com/itm/277040332428?_trkparms=5373%3A5000006400%7C5374%3ATech%7C5079%3A5000006405,647.5,73.58
2026-03-16 16:12:32,"Samsung QN43LS03FA The Frame 43"" QLED 4K UHD HDR Smart TV – 2025 Model",525.0,697.99,Shipping info unavailable,https://www.ebay.com/itm/187269094491?_trkparms=5373%3A5000006400%7C5374%3ATech%7C5079%3A5000006400,172.99,24.78
2026-03-16 16:12:32,eufy SoloCam S220 Wireless Home Security System 2K Outdoor Cameras Solar Powered,162.0,379.99,Shipping info unavailable,https://www.ebay.com/itm/383934385527?_trkparms=5373%3A5000006400%7C5374%3ATech%7C5079%3A5000006400,217.99,57.37
2026-03-16 16:12:32,eufy eufyCam 3 Wireless Solar Camera System 4K Outdoor Cam 4pcs Security Cameras,332.99,699.99,Shipping info unavailable,https://www.ebay.com/itm/389351804628?_trkparms=5373%3A5000006400%7C5374%3ATech%7C5079%3A5000006400,367.0,52.43
2026-03-16 16:12:32,Samsung Galaxy Buds 3 Pro AI Wireless Active Noise Cancelling Earbuds - Silver,106.95,150.0,Shipping info unavailable,https://www.ebay.com/itm/286661893859?_trkparms=5373%3A5000006400%7C5374%3ATech%7C5079%3A5000006400,43.05,28.7
2026-03-16 16:12:32,Apple AirPods Pro 2nd Generation Gen 2 2023 A2968 with Magsafe USB-C Charging,144.95,250.0,Shipping info unavailable,https://www.ebay.com/itm/285636515887?_trkparms=5373%3A5000006400%7C5374%3ATech%7C5079%3A5000006400,105.05000000000001,42.02
2026-03-16 16:12:32,"eufy Security eufyCam S3 Pro Add-on Camera with Solar Panel, Outdoor Wireless 4K",152.0,169.99,Shipping info unavailable,https://www.ebay.com/itm/384256171857?_trkparms=5373%3A5000006400%7C5374%3ATech%7C5079%3A5000006400,17.99000000000001,10.58
2026-03-16 16:12:32,"Pioneer DMH-W3000NEX 6.8"" Touchscreen Apple CarPlay Android Auto Receiver",279.0,399.99,Shipping info unavailable,https://www.ebay.com/itm/156739552603?_trkparms=5373%3A5000006400%7C5374%3ATech%7C5079%3A5000006400,120.99000000000001,30.25
2026-03-16 16:12:33,JBL Boombox 3 Portable Waterproof Bluetooth Speaker - Black,282.0,499.95,Shipping info unavailable,https://www.ebay.com/itm/167923835076?_trkparms=5373%3A5000006400%7C5374%3ATech%7C5079%3A5000006400,217.95,43.59
2026-03-16 16:12:33,Anker Soundcore 2 Wireless Bluetooth Speaker Bass Dual-Driver IPX7 12W|Refurbish,22.99,44.99,Shipping info unavailable,https://www.ebay.com/itm/384702107204?_trkparms=5373%3A5000006400%7C5374%3ATech%7C5079%3A5000006400,22.000000000000004,48.9
2026-03-16 16:12:33,"Lenovo ThinkPad T14 Gen 2 14"" AMD Ryzen 5 Laptop 48GB RAM 4TB SSD Windows 11 Pro",399.99,399.99,Free shipping,https://www.ebay.com/itm/336429944282?_trkparms=5373%3A5000006400%7C5374%3ATech%7C5079%3A5000006400,0.0,0.0
2026-03-16 16:12:33,Soundcore Liberty 4 Pro Wireless Earbuds Noise Cancelling 7-Sensor ANC|Refurbish,71.99,129.99,Shipping info unavailable,https://www.ebay.com/itm/383509044329?_trkparms=5373%3A5000006400%7C5374%3ATech%7C5079%3A5000006400,58.000000000000014,44.62
2026-03-16 16:12:33,Soundcore V20i Open-Ear Headphones Bassup Bluetooth5.4 Earbuds for Sport Fitness,20.69,39.99,Shipping info unavailable,https://www.ebay.com/itm/384400156306?_trkparms=5373%3A5000006400%7C5374%3ATech%7C5079%3A5000006400,19.3,48.26
2026-03-16 16:12:34,Apple AirPods Pro 3 (3rd Gen) Magsafe USB-C Charging Case Replacement A3122,60.9,250.0,Shipping info unavailable,https://www.ebay.com/itm/297922109604?_trkparms=5373%3A5000006400%7C5374%3ATech%7C5079%3A5000006400,189.1,75.64
2026-03-16 16:12:34,"JBL JBLPBOTGESAM-Z PARTYBOX ON-THE-GO ESSENTIAL, Black - Certified Refurbished",227.99,349.95,Shipping info unavailable,https://www.ebay.com/itm/135873285073?_trkparms=5373%3A5000006400%7C5374%3ATech%7C5079%3A5000006400,121.95999999999998,34.85
2026-03-16 16:12:34,"Apple MacBook Pro (16-inch, M1 Pro, 2021) 16GB RAM -512GB SSD - Good",679.0,679.0,Free shipping,https://www.ebay.com/itm/366193782181?_trkparms=5373%3A5000006400%7C5374%3ATech%7C5079%3A5000006400,0.0,0.0
2026-03-16 16:12:34,Soundcore Space One Wireless Headphones 40H ANC Playtime 2XStronger Voice Reduct,59.99,99.99,Shipping info unavailable,https://www.ebay.com/itm/383751650575?_trkparms=5373%3A5000006400%7C5374%3ATech%7C5079%3A5000006400,39.99999999999999,40.0
2026-03-16 16:12:34,eufy SoloCam E30 2-Cam Kit 2K Solar Camera Outdoor Wireless 360° Pan AI Tracking,181.0,229.99,Shipping info unavailable,https://www.ebay.com/itm/389106498239?_trkparms=5373%3A5000006400%7C5374%3ATech%7C5079%3A5000006400,48.99000000000001,21.3
2026-03-16 16:12:34,Anker PowerConf S3 Bluetooth Speakerphone Conference Speaker for Meeting |Refurb,53.99,99.99,Shipping info unavailable,https://www.ebay.com/itm/384274854019?_trkparms=5373%3A5000006400%7C5374%3ATech%7C5079%3A5000006400,45.99999999999999,46.0
2026-03-16 16:12:34,eufy SoloCamE30 2K Wireless Outdoor Solar Cameras 360° Pan AI Tracking  2 Pack,162.0,199.99,Shipping info unavailable,https://www.ebay.com/itm/389106532526?_trkparms=5373%3A5000006400%7C5374%3ATech%7C5079%3A5000006400,37.99000000000001,19.0
2026-03-16 16:12:34,"Pioneer DMH-WT6000NEX 10.1"" Touchscreen Receiver w/ Wireless CarPlay & Bluetooth",556.0,899.99,Shipping info unavailable,https://www.ebay.com/itm/186995662484?_trkparms=5373%3A5000006400%7C5374%3ATech%7C5079%3A5000006400,343.99,38.22
2026-03-16 16:12:35,"Apple 11"" iPad Pro M4 Chip 256GB Wi-Fi Only Space Black MVV83LL/A",770.99,1099.99,Free shipping,https://www.ebay.com/itm/235969840623?_trkparms=5373%3A5000006400%7C5374%3ATech%7C5079%3A5000006400,329.0,29.91
2026-03-16 16:12:35,"Bose QuietComfort Noise Cancelling Headphones, Certified Refurbished",187.0,199.0,Free shipping,https://www.ebay.com/itm/166819315978?_trkparms=5373%3A5000006400%7C5374%3ATech%7C5079%3A5000006400,12.0,6.03
2026-03-16 16:12:36,"NEBULA Mars 3 Outdoor Portable Projector 1080P Autofocus 200"" Home Cinema|Refurb",543.99,1049.99,Free shipping,https://www.ebay.com/itm/386267169046?_trkparms=5373%3A5000006400%7C5374%3ATech%7C5079%3A5000006400,506.0,48.19
2026-03-16 16:12:36,Apple iPhone 14 128/256/512GB Unlocked Good All Colors,251.86,251.86,Free shipping,https://www.ebay.com/itm/127566082117?_trkparms=5373%3A5000006400%7C5374%3ATech%7C5079%3A5000006423,0.0,0.0
2026-03-16 16:12:36,Samsung Galaxy S23 Ultra 256GB S918U Unlocked - Good,368.99,368.99,Free shipping,https://www.ebay.com/itm/256460585805?_trkparms=5373%3A5000006400%7C5374%3ATech%7C5079%3A5000006423,0.0,0.0
2026-03-16 16:12:36,Apple iPhone 15 Pro Max 256GB Unlocked - Excellent,599.95,599.95,Free shipping,https://www.ebay.com/itm/387296016435?_trkparms=5373%3A5000006400%7C5374%3ATech%7C5079%3A5000006423,0.0,0.0
2026-03-16 16:12:36,Google Pixel 7a | 7 | 7 Pro - 128GB 256GB 512GB - Unlocked - Smartphone,174.95,174.95,Free shipping,https://www.ebay.com/itm/186577116952?_trkparms=5373%3A5000006400%7C5374%3ATech%7C5079%3A5000006423,0.0,0.0
2026-03-16 16:12:37,"Acer Nitro V 15.6"" Laptop i5-13420H 16GB RAM 512GB SSD 8GB RTX 5050 Refurbished",650.99,898.99,Free shipping,https://www.ebay.com/itm/257313224756?_trkparms=5373%3A5000006400%7C5374%3ATech%7C5079%3A5000006407,248.0,27.59
2026-03-16 16:12:37,"Sony DVD Player w/ HD Upconversion 1080p Upscaling, HDMI output, Black DVP-SR510",34.98,59.68,Free shipping,https://www.ebay.com/itm/366032027568?_trkparms=5373%3A5000006400%7C5374%3ATech%7C5079%3A5000006409,24.700000000000003,41.39
2026-03-16 16:12:37,Canon EOS R50 Mirrorless Camera Black + 3 Lens Kit 18-45mm + 32GB + Flash & More,749.95,1054.95,Free shipping,https://www.ebay.com/itm/336181434990?_trkparms=5373%3A5000006400%7C5374%3ATech%7C5079%3A5000006430,305.0,28.91
2026-03-16 16:12:37,Nikon Z 6 Mirrorless Digital Camera 24.5MP Z6 Body #CR,610.06,649.0,Free shipping,https://www.ebay.com/itm/147162081653?_trkparms=5373%3A5000006400%7C5374%3ATech%7C5079%3A5000006430,38.940000000000055,6.0
2026-03-16 16:12:38,Nintendo Switch Lite Gaming Handheld - Pick Your Color! + Free 1 Year Warranty🛡,159.99,229.99,Free shipping,https://www.ebay.com/itm/197909557557?_trkparms=5373%3A5000006400%7C5374%3ATech%7C5079%3A5000006401,70.0,30.44
2026-03-16 16:12:38,Nintendo Switch OLED 64GB Pokemon Scarlet & Violet ✨ Limited Edition ✨ Console,341.1,449.99,Free shipping,https://www.ebay.com/itm/195687374485?_trkparms=5373%3A5000006400%7C5374%3ATech%7C5079%3A5000006401,108.88999999999999,24.2
2026-03-16 16:12:38,Nintendo Switch Lite CHOOSE YOUR COLOR + Free 1 Year Warranty!,189.99,229.99,Free shipping,https://www.ebay.com/itm/196223759238?_trkparms=5373%3A5000006400%7C5374%3ATech%7C5079%3A5000006401,40.0,17.39
2026-03-16 16:12:38,Apple iPad Pro 2024 13-inch Wi-Fi + Cellular 256GB - M4 Chip - Black - Excellent,848.99,848.99,Free shipping,https://www.ebay.com/itm/187114714637?_trkparms=5373%3A5000006400%7C5374%3ATech%7C5079%3A5000006415,0.0,0.0
2026-03-16 16:12:38,"Apple iPad 7th Gen. 128GB, Wi-Fi, 10.2 in  Space Gray Model A2197 IOS 18.7",134.99,134.99,Free shipping,https://www.ebay.com/itm/236504105574?_trkparms=5373%3A5000006400%7C5374%3ATech%7C5079%3A5000006415,0.0,0.0
2026-03-16 16:12:39,"Seagate Exos ST22000NM000C 22TB CMR 7200RPM SATA6Gb/s 3.5"" Enterprise Hard Drive",479.99,479.99,Free shipping,https://www.ebay.com/itm/226543075141?_trkparms=5373%3A5000006400%7C5374%3ATech%7C5079%3A5000006421,0.0,0.0
2026-03-16 16:12:39,"Seagate ST26000NM000C 26TB 256MB 7200RPM 3.5"" SATA 6.0Gb/s Enterprise Hard Drive",539.99,539.99,Free shipping,https://www.ebay.com/itm/177822694301?_trkparms=5373%3A5000006400%7C5374%3ATech%7C5079%3A5000006421,0.0,0.0
2026-03-16 16:12:39,"Seagate Exos ST20000NM002C 20TB CMR 7200RPM SATA6Gb/s 3.5"" Enterprise Hard Drive",459.99,459.99,Free shipping,https://www.ebay.com/itm/226562222824?_trkparms=5373%3A5000006400%7C5374%3ATech%7C5079%3A5000006421,0.0,0.0
2026-03-16 16:12:39,"Seagate Exos X24 ST24000NM000H 24TB CMR 7200RPM SATA 6.0Gb/s 3.5"" Enterprise HDD",559.99,559.99,Free shipping,https://www.ebay.com/itm/226543048998?_trkparms=5373%3A5000006400%7C5374%3ATech%7C5079%3A5000006421,0.0,0.0
2026-03-16 16:12:39,Apple AirPods Max USB-C 2nd Generation Midnight MWW43AM/A Bluetooth 2024 Model,389.99,549.0,Free shipping,https://www.ebay.com/itm/365379505321?_trkparms=5373%3A5000006400%7C5374%3ATech%7C5079%3A5000006403,159.01,28.96
2026-03-16 16:12:40,Monster Rockin' Roller 300 Indoor/Outdoor Portable Bluetooth Speaker MNRR300,149.99,199.99,Free shipping,https://www.ebay.com/itm/397399597636?_trkparms=5373%3A5000006400%7C5374%3ATech%7C5079%3A5000006403,50.0,25.0
2026-03-16 16:12:40,"JBL Charge 6 Waterproof Speaker w/Powerbank,Black-Certified Refurbished",129.0,199.95,Free shipping,https://www.ebay.com/itm/136599910372?_trkparms=5373%3A5000006400%7C5374%3ATech%7C5079%3A5000006403,70.94999999999999,35.48
2026-03-16 16:12:40,FUJIFILM INSTAX Link Wide Smartphone Printer Ash White,159.95,159.95,Free shipping,https://www.ebay.com/itm/326359263827?_trkparms=5373%3A5000006400%7C5374%3ATech%7C5079%3A5000006417,0.0,0.0
2026-03-16 16:12:40,Genuine HP 824A CB382YC Yellow HighYield Toner 21K Page CP6015 CM6030 CM6040 NEW,19.99,39.99,Free shipping,https://www.ebay.com/itm/296467422783?_trkparms=5373%3A5000006400%7C5374%3ATech%7C5079%3A5000006417,20.000000000000004,50.01
2026-03-16 16:12:41,Nikon NIKKOR Z 50mm f/1.8 S Lens 20083,420.99,494.49,Free shipping,https://www.ebay.com/itm/297697533084?_trkparms=5373%3A5000006400%7C5374%3ATech%7C5079%3A5000006425,73.5,14.86
2026-03-16 16:12:41,Sony FE 85mm f/1.8 E Mount Lens SEL85F18 for Sony E Mount,619.99,1057.95,Free shipping,https://www.ebay.com/itm/276808363931?_trkparms=5373%3A5000006400%7C5374%3ATech%7C5079%3A5000006425,437.96000000000004,41.4
2026-03-16 16:12:42,Anker PowerConf C200 2K Webcam w/ AI-Noise Canceling Mic Built-In Privacy Cover,43.14,59.99,Free shipping,https://www.ebay.com/itm/385039764481?_trkparms=5373%3A5000006400%7C5374%3ATech%7C5079%3A5000006427,16.85,28.09
2026-03-16 16:12:42,Kanto YU2 Powered Desktop Computer Speakers - Matte White - Pair,216.0,299.99,Free shipping,https://www.ebay.com/itm/167509917471?_trkparms=5373%3A5000006400%7C5374%3ATech%7C5079%3A5000006427,83.99000000000001,28.0
2026-03-16 16:12:42,Spigen [Ultra Hybrid Pro] Case | for iPad Mini 6/7 (2024/2021),29.99,29.99,Free shipping,https://www.ebay.com/itm/276833218415?_trkparms=5373%3A5000006400%7C5374%3ATech%7C5079%3A5000006427,0.0,0.0
2026-03-16 16:12:42,Apple iPhone 14 128/256/512GB Unlocked Good All Colors,251.86,251.86,Free shipping,https://www.ebay.com/itm/127566082117?_trkparms=5373%3A5000006400%7C5374%3ATech%7C5079%3A5000006411,0.0,0.0
2026-03-16 16:12:42,Apple Watch Ultra 2 2nd Generation GPS & Cellular 49mm - Titanium - Excellent,407.99,407.99,Free shipping,https://www.ebay.com/itm/186153928007?_trkparms=5373%3A5000006400%7C5374%3ATech%7C5079%3A5000006411,0.0,0.0
2026-03-16 16:12:42,Samsung Galaxy S23 Ultra 256GB S918U Unlocked - Good,368.99,368.99,Free shipping,https://www.ebay.com/itm/256460585805?_trkparms=5373%3A5000006400%7C5374%3ATech%7C5079%3A5000006411,0.0,0.0
2026-03-16 16:12:42,"NETGEAR Nighthawk CM3000 DOCSIS 3.1 Mid/high-Split Cable Modem,Black-Refurbished",169.99,299.99,Free shipping,https://www.ebay.com/itm/135708534618?_trkparms=5373%3A5000006400%7C5374%3ATech%7C5079%3A5000006405,130.0,43.33
2026-03-16 19:14:23,Cobra CXT385 23-Mile 2-Way Radios Walkie-Talkies - Pair - Refurbished,17.8,34.8,Shipping info unavailable,https://www.ebay.com/itm/165198388220?_trkparms=5373%3A5000006400%7C5374%3ATech%7C5079%3A5000006400,16.999999999999996,48.85
2026-03-16 19:14:23,JBL BAR 700MK2 7.1-Channel 780W Dolby Atmos Soundbar System w/ Subwoofer,539.0,899.95,Shipping info unavailable,https://www.ebay.com/itm/187656775458?_trkparms=5373%3A5000006400%7C5374%3ATech%7C5079%3A5000006400,360.95000000000005,40.11
2026-03-16 19:14:23,Apple iPhone 15 Pro Max A2849 256GB Unlocked Very Good,575.05,575.05,Free shipping,https://www.ebay.com/itm/356227859677?_trkparms=5373%3A5000006400%7C5374%3ATech%7C5079%3A5000006400,0.0,0.0
2026-03-16 19:14:23,"Acer Aspire AI 14"" Touch Laptop Intel Core Ultra 5 16GB RAM 1TB SSD Refurbished",371.99,579.99,Free shipping,https://www.ebay.com/itm/256960845305?_trkparms=5373%3A5000006400%7C5374%3ATech%7C5079%3A5000006400,208.0,35.86
2026-03-16 19:14:24,"Apple MacBook Pro 14"" 2021 M1 Pro Space Gray 16 GB 512GB SSD A2442",655.0,879.8,Free shipping,https://www.ebay.com/itm/376814994405?_trkparms=5373%3A5000006400%7C5374%3ATech%7C5079%3A5000006400,224.79999999999995,25.55
2026-03-16 19:14:24,Samsung Galaxy S21 S991U 5G SM- G991U1 - 128GB - FACTORY UNLOCKED - EXCELLENT,139.48,139.48,Free shipping,https://www.ebay.com/itm/125641047454?_trkparms=5373%3A5000006400%7C5374%3ATech%7C5079%3A5000006423,0.0,0.0
2026-03-16 19:14:25,"Lenovo IdeaPad Slim 5 16"" Touchscreen Laptop Ryzen AI 7 350 16GB 1TB 83HY001KUS",492.99,699.99,Free shipping,https://www.ebay.com/itm/236630939369?_trkparms=5373%3A5000006400%7C5374%3ATech%7C5079%3A5000006407,207.0,29.57
2026-03-16 19:14:26,GoPro MAX2 True 8K 360 Video Action Camera Bundle - Black CHDFZ-311-TH,349.99,569.99,Free shipping,https://www.ebay.com/itm/136844738794?_trkparms=5373%3A5000006400%7C5374%3ATech%7C5079%3A5000006430,220.0,38.6
2026-03-16 19:14:27,Apple AirTag Bluetooth GPS Tracker Silver MX532AM/A A2187 For iPhone & iPad,21.75,30.0,Free shipping,https://www.ebay.com/itm/296373153889?_trkparms=5373%3A5000006400%7C5374%3ATech%7C5079%3A5000006419,8.25,27.5
2026-03-16 19:14:29,Garmin eTrex Solar Outdoor Handheld GPS With Solar Charging 010-02782-00,139.99,249.99,Free shipping,https://www.ebay.com/itm/177784368506?_trkparms=5373%3A5000006400%7C5374%3ATech%7C5079%3A5000006432,110.0,44.0
2026-03-16 19:14:29,eufy SoloCam S3 Solar Wireless Security Camera 360°PTZ 3K Dual-Cam Night Vision,94.99,199.99,Free shipping,https://www.ebay.com/itm/386708545260?_trkparms=5373%3A5000006400%7C5374%3ATech%7C5079%3A5000006413,105.00000000000001,52.5
2026-03-16 19:14:30,Apple AirTag Bluetooth GPS Tracker Silver MX532AM/A A2187 For iPhone & iPad,21.75,30.0,Free shipping,https://www.ebay.com/itm/296373153889?_trkparms=5373%3A5000006400%7C5374%3ATech%7C5079%3A5000006411,8.25,27.5
2026-03-17 16:11:38,"soundcore Sleep A30 by Anker Sleep Earbuds, Smart Active Noise Cancelling Sleep",147.19,183.99,Shipping info unavailable,https://www.ebay.com/itm/389314614822?_trkparms=5373%3A5000006400%7C5374%3ATech%7C5079%3A5000006400,36.80000000000001,20.0
